[
  {
    "_id": "mgi7jz8bzcszy8wi0ag",
    "user": "mgi7jj58olhpjh9b79",
    "bike": "bike2",
    "startDate": "2025-10-08T22:03",
    "endDate": "2025-10-08T23:05",
    "rentalType": "hourly",
    "duration": 2,
    "totalAmount": 360,
    "pickupLocation": {
      "coordinates": [
        77.209,
        28.6139
      ],
      "address": "Connaught Place, New Delhi"
    },
    "currentLocation": {
      "type": "Point",
      "coordinates": [
        77.209,
        28.6139
      ],
      "address": "Connaught Place, New Delhi"
    },
    "status": "cancelled",
    "paymentStatus": "refunded",
    "createdAt": "2025-10-08T16:33:28.091Z",
    "paymentId": "mgi7k70eymvrxjkkwu8",
    "updatedAt": "2025-10-08T16:33:54.549Z",
    "cancellationReason": "hello",
    "cancelledAt": "2025-10-08T16:33:54.535Z"
  }
]